ID,Activity,Priority,Day,Month,Year,Hours,Minute

1412202013575,ddsfsfsdfsdf,Important And Hurry,6,12,2020,15,57

1412202013575,ddsfsfsdfsdf,Important And Hurry,12,12,2020,15,57

1412202013575,ddsfsfsdfsdf,Important And Hurry,12,12,2020,15,54

1412202013575,ddsfsfsdfsdf,Important And Hurry,12,12,2020,15,54

14122020141410,fadsasdasd,4,600,12,2020,14,14

14122020141535,sdfsdfsdf,4,12,12,2020,14,15

1412202014315,;l;l;;l,Important But Slowly,1,12,2020,14,31

14122020191636,,4,600,12,2020,19,16

14122020191739,,4,600,12,2020,19,17

14122020191914,asdsad,4,4,12,2020,19,19

1512202021917,,4,600,12,2020,2,19

1512202023713,sdfsdf,4,600,12,2020,2,37

1512202023713,sdfsdfsdf,4,600,12,2020,2,37

1512202023713,sdfsdfsdf,4,600,12,2020,2,37

1512202023713,sdfsdfsdfsdf,4,600,12,2020,2,37

1512202023713,sdfsfdsdfsdf,4,600,12,2020,2,37

1512202023918,fsdfsdf,4,600,12,2020,2,39

1512202023947,sdfsdfsdfsdf,4,600,12,2020,2,39

1512202023947,Read,4,600,12,2020,2,39

1512202023947,sdfsdfsdfsdf,4,600,12,2020,2,39

1512202023947,Read,4,600,12,2020,2,39

